id,name,col,row,population_m,gdp_bn,income_usd,net_transfer_pct,debt_pct,coastal
JK,Jammu & Kashmir,2,0,14.5,29,2000,-18,50,no
PB,Punjab,1,1,31,89,2871,-2,45,no
HP,Himachal Pradesh,2,1,7.5,25,3333,-9,43,no
UK,Uttarakhand,3,1,12,40,3333,-3,25,no
SK,Sikkim,5,1,0.7,5.7,8143,-20,32,no
AR,Arunachal Pradesh,7,1,1.6,4.6,2875,-30,40,no
RJ,Rajasthan,0,2,82,185,2256,-3.5,37,no
HR,Haryana,1,2,30,133,4433,3.5,31,no
DL,Delhi,2,2,22,134,6091,9,4,no
UP,Uttar Pradesh,3,2,240,295,1229,-5,30,no
BR,Bihar,4,2,130,102,785,-10,38,no
AS,Assam,6,2,36,69,1917,-9,27,no
NL,Nagaland,7,2,2.3,4.8,2087,-26,45,no
GJ,Gujarat,0,3,72,290,4028,3.5,17,yes
MP,Madhya Pradesh,1,3,87,164,1885,-4.5,29,no
CG,Chhattisgarh,2,3,30,61,2033,-4.5,25,no
JH,Jharkhand,3,3,40,53,1325,-6,30,no
WB,West Bengal,4,3,100,207,2070,-3,38,yes
ME,Meghalaya,6,3,3.4,5.5,1618,-16,33,no
MN,Manipur,7,3,3.3,5.4,1636,-24,38,no
MH,Maharashtra,1,4,126,470,3730,6,18,yes
TG,Telangana,2,4,38,175,4605,3,27,no
OD,Odisha,3,4,46,101,2196,-4,15,yes
TR,Tripura,6,4,4.2,9.6,2286,-18,35,no
MZ,Mizoram,7,4,1.3,3.6,2769,-28,36,no
GA,Goa,0,5,1.6,12,7500,1.5,22,yes
KA,Karnataka,1,5,68,300,4412,5,23,yes
AP,Andhra Pradesh,2,5,54,174,3222,-2.5,33,yes
KL,Kerala,1,6,36,139,3861,-0.5,37,yes
TN,Tamil Nadu,2,6,77,330,4286,3,27,yes
