year,Jammu & Kashmir,Punjab,Himachal Pradesh,Uttarakhand,Sikkim,Arunachal Pradesh,Rajasthan,Haryana,Delhi,Uttar Pradesh,Bihar,Assam,Nagaland,Gujarat,Madhya Pradesh,Chhattisgarh,Jharkhand,West Bengal,Meghalaya,Manipur,Maharashtra,Telangana,Odisha,Tripura,Mizoram,Goa,Karnataka,Andhra Pradesh,Kerala,Tamil Nadu
0,1.0000,1.0000,1.0000,1.0000,1.0000,1.0000,1.0000,1.0000,1.0000,1.0000,1.0000,1.0000,1.0000,1.0000,1.0000,1.0000,1.0000,1.0000,1.0000,1.0000,1.0000,1.0000,1.0000,1.0000,1.0000,1.0000,1.0000,1.0000,1.0000,1.0000
1,0.9450,0.9750,0.9400,0.9975,0.9625,0.9525,0.9825,0.9800,0.9275,1.0000,0.9875,0.9900,0.9575,0.9875,1.0000,1.0000,0.9800,0.9775,0.9650,0.9775,1.0000,0.9775,1.0000,0.9675,0.9700,0.9600,1.0000,0.9625,0.9775,0.9825
2,0.0000,0.9500,0.9050,0.9900,0.9275,0.0000,0.9600,0.9550,0.8450,1.0000,0.9725,0.9750,0.0000,0.9550,1.0000,1.0000,0.9575,0.9575,0.9250,0.8050,1.0000,0.9325,1.0000,0.9500,0.3375,0.9450,1.0000,0.9450,0.9600,0.9625
3,0.0000,0.9300,0.8300,0.9850,0.2525,0.0000,0.9350,0.9425,0.7800,1.0000,0.9575,0.9650,0.0000,0.9475,1.0000,1.0000,0.9475,0.9425,0.8950,0.0000,1.0000,0.9125,1.0000,0.8225,0.0000,0.9250,1.0000,0.9300,0.9450,0.9575
4,0.0000,0.9075,0.6725,0.9750,0.0000,0.0000,0.9175,0.9375,0.7250,0.9975,0.8975,0.9625,0.0000,0.9250,1.0000,1.0000,0.9375,0.9375,0.4800,0.0000,1.0000,0.9050,1.0000,0.0025,0.0000,0.9150,1.0000,0.9150,0.9325,0.9525
5,0.0000,0.8750,0.0325,0.9650,0.0000,0.0000,0.8775,0.9225,0.6575,0.9975,0.5325,0.9550,0.0000,0.9075,1.0000,1.0000,0.9200,0.9225,0.0075,0.0000,1.0000,0.8950,1.0000,0.0000,0.0000,0.9025,1.0000,0.9075,0.9275,0.9450
6,0.0000,0.7675,0.0000,0.9375,0.0000,0.0000,0.8325,0.9025,0.5875,0.9900,0.1100,0.9375,0.0000,0.8900,1.0000,1.0000,0.9075,0.9075,0.0000,0.0000,1.0000,0.8775,1.0000,0.0000,0.0000,0.8850,1.0000,0.8950,0.9175,0.9275
7,0.0000,0.6300,0.0000,0.9075,0.0000,0.0000,0.7575,0.8900,0.5525,0.9625,0.0150,0.9175,0.0000,0.8800,0.9975,1.0000,0.8750,0.8925,0.0000,0.0000,1.0000,0.8675,1.0000,0.0000,0.0000,0.8750,1.0000,0.8825,0.9100,0.9200
8,0.0000,0.4475,0.0000,0.8475,0.0000,0.0000,0.6075,0.8800,0.5075,0.9100,0.0000,0.8875,0.0000,0.8750,0.9800,1.0000,0.8475,0.8875,0.0000,0.0000,1.0000,0.8600,1.0000,0.0000,0.0000,0.8625,1.0000,0.8775,0.9025,0.9150
9,0.0000,0.2750,0.0000,0.7775,0.0000,0.0000,0.4625,0.8675,0.4700,0.8450,0.0000,0.8525,0.0000,0.8625,0.9575,1.0000,0.8175,0.8825,0.0000,0.0000,1.0000,0.8500,1.0000,0.0000,0.0000,0.8550,1.0000,0.8725,0.8925,0.9125
10,0.0000,0.1475,0.0000,0.6600,0.0000,0.0000,0.3000,0.8625,0.4450,0.7625,0.0000,0.7675,0.0000,0.8400,0.9350,0.9950,0.7950,0.8800,0.0000,0.0000,1.0000,0.8400,1.0000,0.0000,0.0000,0.8475,1.0000,0.8650,0.8850,0.9100
11,0.0000,0.0950,0.0000,0.5550,0.0000,0.0000,0.2000,0.8550,0.4225,0.6625,0.0000,0.7200,0.0000,0.8275,0.9100,0.9950,0.7575,0.8750,0.0000,0.0000,1.0000,0.8350,1.0000,0.0000,0.0000,0.8400,1.0000,0.8600,0.8800,0.9100
12,0.0000,0.0500,0.0000,0.4525,0.0000,0.0000,0.1150,0.8500,0.3950,0.5525,0.0000,0.6125,0.0000,0.8025,0.8725,0.9950,0.7150,0.8725,0.0000,0.0000,1.0000,0.8200,1.0000,0.0000,0.0000,0.8350,1.0000,0.8450,0.8750,0.9100
13,0.0000,0.0175,0.0000,0.3750,0.0000,0.0000,0.0700,0.8475,0.3450,0.4750,0.0000,0.5175,0.0000,0.7975,0.8400,0.9950,0.6900,0.8700,0.0000,0.0000,1.0000,0.8150,1.0000,0.0000,0.0000,0.8225,1.0000,0.8425,0.8725,0.9025
14,0.0000,0.0100,0.0000,0.2975,0.0000,0.0000,0.0275,0.8450,0.3325,0.3975,0.0000,0.4525,0.0000,0.7875,0.8025,0.9925,0.6475,0.8675,0.0000,0.0000,1.0000,0.8125,1.0000,0.0000,0.0000,0.8200,1.0000,0.8400,0.8675,0.8975
15,0.0000,0.0075,0.0000,0.2475,0.0000,0.0000,0.0075,0.8400,0.3025,0.3075,0.0000,0.3775,0.0000,0.7775,0.7850,0.9925,0.6150,0.8625,0.0000,0.0000,1.0000,0.8075,1.0000,0.0000,0.0000,0.8150,1.0000,0.8300,0.8625,0.8925
16,0.0000,0.0075,0.0000,0.1925,0.0000,0.0000,0.0025,0.8325,0.2875,0.2575,0.0000,0.2875,0.0000,0.7700,0.7525,0.9925,0.5875,0.8550,0.0000,0.0000,1.0000,0.8025,1.0000,0.0000,0.0000,0.8075,1.0000,0.8275,0.8525,0.8925
17,0.0000,0.0000,0.0000,0.1325,0.0000,0.0000,0.0000,0.8225,0.2700,0.2125,0.0000,0.2250,0.0000,0.7625,0.7200,0.9925,0.5600,0.8475,0.0000,0.0000,1.0000,0.7950,1.0000,0.0000,0.0000,0.8000,1.0000,0.8225,0.8400,0.8875
18,0.0000,0.0000,0.0000,0.1075,0.0000,0.0000,0.0000,0.8175,0.2425,0.1650,0.0000,0.1750,0.0000,0.7475,0.6975,0.9900,0.5325,0.8425,0.0000,0.0000,1.0000,0.7925,1.0000,0.0000,0.0000,0.7900,1.0000,0.8200,0.8375,0.8875
19,0.0000,0.0000,0.0000,0.0875,0.0000,0.0000,0.0000,0.8150,0.2325,0.1475,0.0000,0.1475,0.0000,0.7375,0.6550,0.9875,0.5150,0.8325,0.0000,0.0000,1.0000,0.7775,1.0000,0.0000,0.0000,0.7750,1.0000,0.8175,0.8300,0.8775
20,0.0000,0.0000,0.0000,0.0575,0.0000,0.0000,0.0000,0.8100,0.2150,0.1225,0.0000,0.1250,0.0000,0.7250,0.6250,0.9825,0.4825,0.8225,0.0000,0.0000,1.0000,0.7750,1.0000,0.0000,0.0000,0.7625,1.0000,0.8100,0.8250,0.8775
